program	LFFEEE-stock.bin
sha256	7604cb21aefe7b7484da236aaead82cebaf94df2a6e1915f5ea8a087dae5cb08
language	SuperH:BE:32:SH-2A
functions	3727
429e8	function	Config_ReadTransmissionSelector
34c1e	function	CAN216_Receive
35034	function	CAN216_Unpack
34cec	function	CAN216_Normalize
34eb8	function	CAN216_UpdateWord1Limit
35156	function	CAN218_Receive
35420	function	CAN218_Unpack
35218	function	CAN218_Normalize
3579c	function	CAN231_Receive
35bb8	function	CAN231_Unpack
3585c	function	CAN231_NormalizeState
36d52	function	CAN231_TransmitWhenNonAT
36db0	function	CAN231_PackWhenNonAT
365d0	function	CAN201_Pack
2ef94	function	CAN218_Field0_Average8
3b584	function	CAN216_SelectWord0
3519e	function	CAN218_DecrementReceiptCounter
34c66	function	CAN216_DecrementReceiptCounter
357e4	function	CAN231_DecrementReceiptCounter
b8296	u8	TransmissionSelector
ffff734a	u8	TransmissionModeFlags
ffff734c	u8	ATReceiveConfigurationGate
ffff6a70	f32	CAN218_Field0
ffff6a74	f32	CAN218_Byte2Minus50
ffff6a78	f32	CAN218_Word4Value
ffff6a80	f32	CAN218_Byte6Request
ffff6a34	f32	CAN216_Word0Minus512
ffff6a30	f32	CAN216_Word1Limit
ffff6a5d	u8	CAN216_ReceiptCounter
ffff6a90	u8	CAN218_ReceiptCounter
ffff6ad8	u8	CAN231_ReceiptCounter
ffff6a40	label	CAN216_RxBuffer
ffff6a68	label	CAN218_RxBuffer
ffff6abc	label	CAN231_RxBuffer
ffff6b2c	label	CAN201_TxBuffer
3790c	label	CAN216_RxDescriptor
3791c	label	CAN218_RxDescriptor
3793c	label	CAN231_TxDescriptor
3794c	label	CAN231_RxDescriptor
3ae52	function	CAN216_SelectBit2CutRequest
3b4d4	function	CAN216_SelectCutRequests
3ad04	function	CAN216_UpdateCutCountdowns
3ac14	function	BuildCylinderCutFlags
4d716	function	UpdateCylinderCutStatus
42ea8	function	AggregateCylinderCutMask
44e50	function	SelectPerCylinderCommands
ffff6a61	u8	CAN216_Bit5CutRequest
ffff6e62	u8	ATCutRequestBothPairs
ffff6e28	u8	ATCutCountdownPair23
ffff6e29	u8	ATCutCountdownPair14
ffff78cf	label	CylinderCutStatusBase
ffff7408	label	PerCylinderCommandBase
347b8	function	CAN_UpdateOtherReceiptFault
34806	function	CAN_UpdateATReceiptFault
3491c	function	CAN211_Receive
34968	function	CAN211_DecrementReceiptCounter
349ca	function	CAN211_Normalize
34b8c	function	CAN211_Unpack
34bb2	function	CAN211_ReloadReceiptCounter
3ff2c	function	CAN211_UpdateNumericBound
ffff6a1c	u16	CAN211_FreshWord0
ffff714c	f32	CAN211_NumericBound
ffff69e1	u8	CAN_OtherReceiptFault
3fb78	function	CAN211_UpdateConfigInhibit
3fc58	function	CAN211_UpdateLocalInhibit
3fcfc	function	CAN211_UpdateRecoveryLatch
3fdca	function	CAN211_UpdateActiveLatch
8f320	function	Config_UpdateReceiptMonitorOption
3b282	function	CAN_UpdateATStatusFlags
775ca	function	Status_CombineLocalAndATReport
7774a	function	Status_SelectMILRequest
8b8a0	function	Status_OverrideMILRequest
371f0	function	CAN420_BuildWarningWord
34bbc	function	CAN211_InitializeConversionBypass
34ffa	function	AT_InitializeConversionInputs
3f600	function	CAN211_SelectConversionFactor
3f97c	function	CAN211_ConvertNumericRequest
3f9ec	function	CAN211_ScaleForCount
3fa3e	function	CAN211_InvertQuadraticModel
53438	function	CAN211_SelectSparkCorrection
4fd9c	function	Spark_AggregateCorrections
4fbda	function	Spark_SelectLimitedCommand
4fb4e	function	Spark_ApplyRateLimitOverrideAndCylinderTrims
ffff7154	f32	CAN211_ConversionFactor
ffff7174	f32	CAN211_InvertedModelValue
ffff7d2c	f32	CAN211_SparkCorrection
ffff7a9c	f32	Spark_Cylinder1Command
411f0	function	Selector_UpdateCombinedFlag
ffff723a	u8	Selector_CombinedFlag
35eba	function	CAN4B0_Normalize
35fa6	function	CAN4B0_Unpack
35fce	function	CAN4B0_ReloadReceiptCounter
35fd8	function	CAN4B0_InitializeWords
3a05e	function	SpeedCandidate_SelectSources
3679c	function	CAN201_EncodeSpeedCandidate
3b7ce	function	CAN216_ConvertSpeedFallback
ffff6af0	label	CAN4B0_RxBuffer
ffff6af8	u16	CAN4B0_WorkingWord4
ffff6afa	u16	CAN4B0_WorkingWord6
ffff6b01	u8	CAN4B0_Word4Invalid
ffff6b02	u8	CAN4B0_Word6Invalid
ffff6b03	u8	CAN4B0_AggregateInvalid
ffff6b38	u16	CAN201_SpeedCandidateWord
ffff6d58	f32	SpeedCandidate_Selected
ffff6d64	f32	SpeedCandidate_CachedFallback
ffff6e18	f32	CAN216_SpeedCandidateFallback
ffff7353	u8	CAN4B0_SelectionEnabled
3663e	function	CAN201_SelectWord0Source
366ec	function	CAN201_EncodeWord0
366d4	function	CAN201_EncodeByte6Candidate
368a2	function	CAN201_SelectByte6
3b5c6	function	CAN216_InvertQuadraticModel
3ae82	function	CAN216_CompareNumericRequest
3aeec	function	CAN216_UpdateSparkAdmission
5295c	function	CAN216_SelectSparkCorrection
ffff6e04	f32	CAN216_SelectedNumericRequest
ffff6e08	f32	CAN216_InvertedModelValue
ffff6e2f	u8	CAN216_SparkAdmission
ffff6e3a	u8	CAN216_NumericRequestActive
ffff7c74	f32	CAN216_SparkCorrection
bfae4	f32	CAN216_SparkCorrectionUpperBound
369d6	function	CAN215_BuildFields
36a28	function	CAN215_Pack
36ad8	function	CAN215_EncodeWord0
36b68	function	CAN215_EncodeWord2
36ba4	function	CAN215_EncodeWord4
ffff71ec	f32	CAN215_PrimaryModelInput
ffff71c4	f32	CAN215_SharedModelOffset
ffff6b58	u16	CAN215_EncodedWord0
ffff6b5c	u16	CAN215_EncodedWord4
ffff6b62	u8	CAN215_EncodeInvalidFlag
40560	function	Model_SelectCoefficientsAndEvaluate
407b4	function	Model_CalculateAuxiliaryOffsets
40916	function	Model_CalculateRatioOffset
4097e	function	Model_SumPublishedOffset
40888	function	Model_BuildCAN215Sources
409ac	function	Model_SubtractPublishedOffset
40660	function	Model_UpdatePatternCount
46284	function	Pattern_BuildModelMask
236c	function	Lookup_FloatMap2D
22f8	function	Lookup_FloatCurve
ffff71a8	f32	Model_QuadraticCurvature
ffff71ac	f32	Model_QuadraticCenter
ffff71b0	f32	Model_QuadraticPeak
ffff71f4	f32	Model_AtCurrentSpark
ffff71f8	f32	Model_AtBaselineSpark
ffff71cc	f32	Model_CurrentAuxiliaryOffset
ffff71d0	f32	Model_ReferenceAuxiliaryOffset
ffff71d8	f32	Model_ScaledAuxiliaryOffset
ffff71e0	f32	Model_RatioOffset
ffff71b4	f32	CAN215_SecondModelInput
ffff71b8	f32	Model_NetCountScaledValue
ffff71bc	f32	Model_NetUnscaledValue
ffff71c0	f32	Model_NetBaselineValue
ffff71fc	f32	Model_UnscaledCurrentValue
ffff71f0	u8	Model_PatternCount
a223c	label	Model_Map0_Curvature
a2250	label	Model_Map0_Center
a2264	label	Model_Map0_Peak
a22a0	label	Model_Map1_Curvature
a22dc	label	Model_Map1_Center
a2318	label	Model_Map1_Peak
a228c	label	Model_Map2_Curvature
a22c8	label	Model_Map2_Center
a2304	label	Model_Map2_Peak
a2278	label	Model_Map3_Curvature
a22b4	label	Model_Map3_Center
a22f0	label	Model_Map3_Peak
a232c	label	Model_AuxiliaryMap
a2218	label	Model_AuxiliaryCeilingCurve
a2224	label	Model_AuxiliaryMultiplierCurve
a2230	label	Model_RatioMultiplierCurve
3f35c	function	Pattern_BuildModelThresholds
3fafc	function	Pattern_UpdateRequestHysteresis
3fd4c	function	Pattern_SelectRequestIndex
3fd9c	function	Pattern_ApplyRequestEnable
404e6	function	Pattern_Hysteresis
45d60	function	Pattern_MapEngineEvent
45e18	function	Pattern_AdvanceEventPosition
45e74	function	Pattern_SampleAndClearCylinder
4603c	function	Pattern_ApplyCylinderInhibition
462ca	function	Pattern_UpdateRotationPhase
4632a	function	Pattern_MapIndexToLevel
4639c	function	Pattern_SelectPhaseMask
1f864	function	Pattern_GetCylinderInhibitMask
ffff7181	u8	Pattern_ClassifiedIndex
ffff7182	u8	Pattern_EnabledIndex
ffff7188	u8	Pattern_UpperThresholdLatch
ffff7189	u8	Pattern_MiddleThresholdLatch
ffff718a	u8	Pattern_LowerThresholdLatch
ffff718b	u8	Pattern_MinimumRequestFlag
ffff74f0	u8	Pattern_Level
ffff74f1	u8	Pattern_EventMask
ffff74f2	u8	Pattern_RotationPhase
ffff74f3	u8	Pattern_RotationCountdown
ffff74f4	u8	Pattern_UngatedLevel
ffff7492	u8	Pattern_EventPosition
ffff7493	u8	Pattern_EventCylinder
ffff7494	u8	Pattern_AlternateEventCylinder
ffff749a	u8	Pattern_CurrentEventInhibit
ffff749b	u8	Pattern_PreviousActive
ffff7498	u8	Pattern_EventHistoryCountdown
ffff74ee	u8	Pattern_Previous7534
1fa8c	function	Output_InitializeCylinderRecords
1fb5a	function	Output_UpdateCylinderScheduler
20290	function	Output_ApplyChangedInhibitMask
96f4	function	Output_CancelTimerChannel
2f2a0	function	Output_ClearPendingDuration
20510	function	Output_AdmitMode1Release
20584	function	Output_CalculateMode1Boundary
20712	function	Output_AdmitMode0Release
2138	function	Arithmetic_SaturatingSignedQ16Divide
20128	function	Output_ForwardPositionDistance
11070	function	Output_WriteCounterTwice
e744	function	Register_UpdateMaskedWord
ffff5486	u16	Output_CachedInhibitMask
ffff53dc	label	Output_CylinderRecords
ffff41e8	label	Output_TimerSoftwareRecords
ffff6784	label	Output_PendingDurations
11228	label	Output_TimerChannels
2f370	label	Output_CylinderMaskBits
2f394	label	Output_SchedulerModes
2f3b4	label	Output_InitialEventDeadlines
2f3c4	label	Output_CylinderChannelMap
2f3c8	label	Output_ChannelEnables
35baa	function	CAN231_BuildMTFields
35c1c	function	CAN231_SetMTMarker
35c38	function	CAN231_BuildMTDiscreteFlags
35c9a	function	CAN231_SetMTWordMarker
412a2	function	Input_UpdateLocalBit6Flag
36d40	function	CAN231_InitializeAndService
36da8	function	CAN231_ClearTxCounter
ffff6ac7	u8	CAN231_WorkingDiscreteByte
ffff6b6c	u16	CAN231_ECUTxCounter
76b4	function	Input_ReadSerialBank
786e	function	Input_TransferSerialByte
ca94	function	Input_InitializeLocalFilters
cade	function	Input_UpdateLocalFilters
cbc8	function	Input_ReadThresholdBoolean
ffff44a4	label	Input_FilteredSerialBankOne
ffff44ae	label	Input_PreviousSerialBankOne
6bf20	function	LocalInputDiag_InitializeCounters
6bf3a	function	LocalInputDiag_UpdateActivity
6bfaa	function	LocalInputDiag_UpdateEventCounters
6c0cc	function	LocalInputDiag_SnapshotStates
6c110	function	LocalInputDiag_QualifyLatches
6c1e4	function	LocalInputDiag_ReportGroups
6c91e	function	LocalInputDiag_UpdateActivityHold
744c6	function	Diagnostic_InitializeQualificationOptions
8fac8	function	Diagnostic_ReportUntimedGroup
8fb52	function	Diagnostic_CacheAndAdmitReport
8fc94	function	Diagnostic_CacheGroupMode
902dc	function	Diagnostic_GetCodeForIndex
902f0	function	Diagnostic_FindCodeIndex
9033c	function	Diagnostic_CheckEnableMaskAbsent
9034e	function	Diagnostic_CheckRuntimeMaskAbsent
1b952	label	LocalInputDiag_CallerSegment
ffff8ebc	label	LocalInputDiag_ClutchFault
ffff8ebe	label	LocalInputDiag_NeutralFault
ffff8eb4	label	LocalInputDiag_NeutralEventCounter
ffff8eb5	label	LocalInputDiag_ClutchEventCounter
35538	function	CAN21A_Initialize
35542	function	CAN21A_Receive
3558e	function	CAN21A_Normalize
35674	function	CAN21A_DecrementReceiptCounter
3572a	function	CAN21A_Unpack
35750	function	CAN21A_ReloadReceiptCounter
3575a	function	CAN21A_InitializeValues
4e7f4	function	Control_InitializeRetainedLatch7978
4e80c	function	Control_UpdateRetainedLatch7978
3b450	function	CAN216_SelectBit7ControlRequest
3792c	label	CAN21A_RxDescriptor
ffff6aa8	label	CAN21A_RxBuffer
ffff6a9c	f32	CAN21A_Word0Value
ffff6aa0	f32	CAN21A_GatedWord1Value
ffff6ab4	u8	CAN21A_ReceiptCounter
ffff6ab6	u16	CAN21A_RawWord0
ffff6ab8	u16	CAN21A_RawWord1
ffff7978	u8	Control_RetainedLatch7978
ffff7974	u16	Control_Latch7978CountGate
ffff7985	u8	Control_Latch7978PreviousState
ffff7987	u8	Control_Latch7978HistoryBits
ffff6e57	u8	CAN216_Bit7ControlRequest
b81b2	u8	CAN216_Bit7ControlDisable
a6490	function	Control_CombineCANNumericInputs
ffffa710	f32	CANModel_MaxCombinedValue
ffffa70c	f32	CANModel_ATBoundedValue
ffffa700	f32	CANModel_ConvertedMaxValue
ffffa6f0	f32	CANModel_ConvertedATBoundedValue
ffffa6fc	f32	CANModel_LimitedATBoundedValue
ffff6a28	u8	CAN211_ConversionBypass
a477e	function	Control_RunFiveStageCalculation
a61a8	function	Control_SnapshotConversionInputs
a4ff8	function	Control_InvertAndBlendMaps
41a68	function	Control_PublishCalculatedValues
42240	function	Control_SelectAndLimitPublishedValue
a25cc	label	Control_InverseBaseMap
a25e0	label	Control_InverseActiveMap
ffffa630	f32	Control_InverseBlendWeight
ffffa660	f32	Control_LimitedInverseValue
ffffa720	f32	Control_InverseTargetInput
ffffa740	f32	Control_InverseBaseResult
ffffa738	f32	Control_InverseActiveResult
ffff72c8	f32	Control_PublishedInverseValue
ffff72fc	f32	Control_SelectedPublishedValue
39b04	function	Control_PublishSelectedAuxiliaryValue
4268e	function	Control_UpdateSelectedValueHysteresis
255c8	function	ThrottleCandidate_ConvertSelectedValue
25682	function	ThrottleCandidate_SelectCommand
2256c	function	Control_PackOutgoingCommandRecord
c1f6	function	Control_WriteOutgoingIndexedWord
ffff569c	f32	ThrottleCandidate_RelativeAngle
ffff56a0	f32	ThrottleCandidate_SelectedAngle
ffff5592	label	Control_OutgoingCommandRecord
ffff437a	label	Control_OutgoingWordBuffer
baca8	f32	ThrottleCandidate_AngleMultiplier
baea4	f32	ThrottleCandidate_MaximumAngle
badd8	f32	ThrottleCandidate_DefaultClosedOffset
be92	function	SCI1_EnsureCommandConfiguration
c350	function	SCI1_StartCommandExchange
bfb4	function	SCI1_ServiceCommandByte
c3f8	function	SCI1_SendCommandByte
c49c	function	SCI1_ReadReplyByte
c4ea	function	SCI1_FinishAndCheckReply
c536	function	SCI1_AbortCommandExchange
bf38	function	SCI1_ServiceTimeoutAndMonitor
c20a	function	SCI1_ConsumeExchangeStatus
c200	function	SCI1_ReadReplyWord
e86e	function	SCI1_ByteCallbackInterruptStub
ffff43a9	u8	SCI1_ExchangeActive
ffff43a7	u8	SCI1_ExchangeCompletion
ffff43a6	u8	SCI1_ExchangeByteIndex
ffff43a2	u16	SCI1_TransmitByteSum
ffff43a4	u16	SCI1_ReceiveByteSum
ffff4352	label	SCI1_ReplyBuffer
22224	function	SCI1_ServiceApplicationReplyAndRequest
2291a	function	SCI1_DecodeApplicationFeedback
228f0	function	SCI1_CopyReplyCalibrationWords
23408	function	SCI1_FilterReplyStatusByte
285f0	function	SCI1_UpdateMissingFeedbackMonitor
ffff5578	u8	SCI1_ApplicationFeedbackReceived
ffff5534	f32	SCI1_ProtectedFeedbackValue
ffff5540	f32	SCI1_SecondaryFeedbackValue
ffff55ec	u16	SCI1_OutgoingSequence
ffff57ce	u8	SCI1_FeedbackMissing
ffff57cd	u8	SCI1_FeedbackRecoveryLatch
ffff57d2	u16	SCI1_MissingFeedbackCounter
ffff57d0	u16	SCI1_PresentFeedbackCounter
ffff55b8	label	SCI1_ApplicationReplyRecord
ffff20a8	u8	SCI1_MissingFeedbackFault
21d18	function	Control_UpdateFeedbackOverride
285a4	function	SCI1_ServiceMissingFeedbackMonitor
285ae	function	SCI1_AdmitMissingFeedbackMonitor
28552	function	SCI1_ClearMissingFeedbackFault
9a244	function	Diagnostic_CheckIndexedPolicyInhibit
9a43a	function	Diagnostic_CheckModeMaskMismatch
91728	function	Diagnostic_ReadModeByte
ffff5520	f32	Control_ProtectedFeedbackOverride
ffff5528	u16	Control_AboveThresholdCounter
ffff552a	u16	Control_BelowThresholdCounter
ffff552c	u8	Control_PreviousOverrideEnable
ffff552d	u8	Control_FeedbackThresholdState
ffff57cc	u8	SCI1_MissingFeedbackMonitorEnabled
24910	function	Control_DispatchCommandOverrides
251b4	function	Control_CheckOverrideBypass
25242	function	Control_AdmitHighestPriorityOverride
252c4	function	Control_AdmitFeedbackOverride
2543a	function	Control_AdmitRelativeOverride
25512	function	Control_ReadAbsoluteOverrideRequest
24c88	function	Control_QualifySerialFeedbackGate
24dce	function	Control_UpdateMonitorHoldoff
24e06	function	Control_UpdateLocalSerialEnables
ffff566b	u8	Control_OverrideBypassResult
ffff566e	u8	Control_FeedbackOverrideEnabled
ffff5674	u8	Control_NoOverrideRequested
ffff5675	u8	Control_RetainedFeedbackAdmissionTag
ffff5677	u8	Control_QualifiedSerialFeedback
ffff567a	u8	Control_LocalMissingFeedbackEnable
ffff5680	u16	Control_SerialMonitorHoldoffCounter
ffff568a	u8	Control_ThresholdState_568A
ffff568b	u8	Control_ThresholdState_568B
ffff568c	u8	Control_ThresholdState_568C
ffff568d	u8	Control_ThresholdState_568D
ffff568e	u8	Control_ThresholdState_568E
247b6	function	Control_UpdateModeTimers
24b82	function	Control_UpdateRelativeOverrideTimer
24bae	function	Control_UpdateSerialEnableOutput
1ded8	function	Control_InitializeFilteredLocalSource
1dee2	function	Control_FilterLocalSource
15146	function	Protected_ReadByteOrDefault
157f0	function	Protected_MarkInvalidRead
ffff5664	u16	Control_ModeZeroTimer
ffff5666	u16	Control_ModeOneTimer
ffff5668	u16	Control_RelativeOverrideTimer
ffff566a	u8	Control_ModeZeroTimerEligible
ffff5676	u8	Control_SerialEnableOutput
ffff536c	f32	Control_FilteredLocalSource
ffff6cb4	f32	Control_LocalFilterInput
ffff5354	u8	Protected_InvalidReadPending
ffff534c	label	Protected_InvalidByteRecordAddress
23a1c	function	Control_InitializeRelativeOverride
23a24	function	Control_UpdateRelativeOverride
245d8	function	Control_InitializeAbsoluteOverride
245fc	function	Control_UpdateAbsoluteOverride
246e0	function	Control_InitializeHighestOverride
246e8	function	Control_UpdateHighestOverride
ffff5620	f32	Control_RelativeOverrideValue
ffff5650	f32	Control_AbsoluteOverrideValue
ffff5658	u16	Control_AbsoluteOverrideTimer
ffff565a	u8	Control_PreviousAbsoluteOverrideEnable
ffff565c	f32	Control_HighestOverrideValue
58092	function	Control_MapOverrideInput
580ac	function	Control_SelectOverrideInput
5c500	function	Control_MapOverrideSourceBounds
5c53a	function	Control_MapOverrideSource
5c54e	function	Control_ClampOverrideSource
39d24	function	Control_PublishNormalOffset
ffff8010	f32	Control_MappedOverrideInput
ffff8014	f32	Control_SelectedOverrideInput
ffff8250	f32	Control_UnboundedOverrideSource
ffff8254	f32	Control_OverrideSourceLowerBound
ffff825c	f32	Control_OverrideSourceUpperBound
ffff8248	f32	Control_BoundedOverrideSource
ffff6d00	f32	Control_NormalCommandOffset
a35a4	label	Control_OverrideInputMapDescriptor
a19f4	label	Control_OverrideSourceMapDescriptor
a1a00	label	Control_OverrideUpperMapDescriptor
a1a0c	label	Control_OverrideLowerMapDescriptor
58338	function	Control_UpdateSourceRatio
58280	function	Control_UpdateSourceRemainder
582bc	function	Control_UpdateRetainedSourceHysteresis
58140	function	Control_UpdateRetainedDecayTimer
581b8	function	Control_UpdateRetainedDecayHoldoff
58102	function	Control_DecayRetainedSource
58088	function	Control_InitializeRetainedSource
582b2	function	Control_InitializeSourceOffset
5aacc	function	Control_UpdateSourceDeltaHigh
5aaf0	function	Control_UpdateSourceDeltaNonpositive
152fe	function	Protected_WriteFloatUnderInterruptMask
ffff2310	f32	Control_RetainedSourceFloor
ffff8018	f32	Control_SourceRemainder
ffff801c	f32	Control_SourceOffset
ffff8028	f32	Control_RetainedSourceRatio
ffff8020	u16	Control_RetainedDecayTimer
ffff8022	u8	Control_RetainedDecayHoldoff
ffff8023	u8	Control_RetainedSourceHysteresis
ffff8024	u16	Control_PreviousRetainedDecayTimer
583b8	function	Control_SelectRatioNumerator
583ee	function	Control_ScaleCurrentRatioNumerator
58422	function	Control_ScaleBaselineRatioNumerator
5844e	function	Control_UpdateRatioMapFactor
58528	function	Control_UpdateRatioEnvironmentFactor
51286	function	Control_SumRatioMapContributions
39fb4	function	Control_MapRatioEnvironmentDifference
ffff8030	f32	Control_CurrentRatioNumerator
ffff8034	f32	Control_BaselineRatioNumerator
ffff802c	f32	Control_SelectedRatioNumerator
ffff8038	f32	Control_RatioMapFactor
ffff803c	f32	Control_RatioEnvironmentFactor
ffff6d4c	f32	Control_ProtectedMapDifference
ffff6d54	f32	Control_IntermediateContributionMap
ffff7bb8	f32	Control_RatioContributionSum
a261c	label	Control_ContributionMapDescriptor
a35b0	label	Control_RatioFactorMapDescriptor
58608	function	Control_InitializeInputHistory
5863a	function	Control_PublishInputHistory
58652	function	Control_SnapshotInputHistory
586a6	function	Control_UpdateInputHistoryHoldoff
58730	function	Control_UpdateInputHistoryLimit
587a2	function	Control_SelectInputHistoryLimit
587e4	function	Control_UpdateInputTarget
58846	function	Control_FilterInputTarget
58884	function	Control_UpdateInputPositiveGap
588b8	function	Control_ScaleInputPositiveGap
5898c	function	Control_UpdateInputCoefficient
58a34	function	Control_ReconstructInputBase
58a7a	function	Control_UpdateCurrentInput
58f10	function	Control_UpdateBaselineInput
ffff80bc	f32	Control_BaselineInput
ffff80c0	f32	Control_BaselineScaledComponent
ffff8048	f32	Control_CurrentRatioInput
ffff804c	f32	Control_ProtectedInputBase
ffff8054	f32	Control_InputHistoryCoefficient
ffff8058	f32	Control_ScaledPositiveInputGap
ffff805c	f32	Control_PositiveInputGap
ffff8060	f32	Control_FilteredInputTarget
ffff806c	f32	Control_InputTarget
ffff8070	f32	Control_ProtectedPriorInputTarget
ffff8064	f32	Control_ProtectedPriorFilteredInput
ffff8084	f32	Control_PriorInputTargetSnapshot
ffff8088	f32	Control_PriorFilteredInputSnapshot
ffff8078	f32	Control_RetainedInputLimit
ffff807c	f32	Control_ActiveInputLimit
ffff8090	f32	Control_InputLimitMapOutput
ffff808c	f32	Control_InputCoefficientThreshold
ffff8080	u8	Control_InputHistoryHoldoff
ffff8094	u8	Control_PreviousInputHistoryStatus
a35bc	label	Control_InputCoefficientMapDescriptor
a35c8	label	Control_InputLimitMapDescriptor
a35d4	label	Control_AlternateInputLimitMapDescriptor
58b78	function	Control_ScaleRetainedBaselineSource
58b9c	function	Control_UpdateBaselineSourceCountdown
58bd0	function	Control_UpdateBaselineSourceTarget
58d44	function	Control_RaiseRetainedBaselineSource
58dd8	function	Control_SelectBaselineSourceDecay
58e68	function	Control_DecayRetainedBaselineSource
ffff8098	f32	Control_ScaledRetainedBaselineSource
ffff809c	f32	Control_RetainedBaselineSource
ffff80a0	f32	Control_BaselineSourceTarget
ffff80a4	f32	Control_BaselineSourceDecayStep
ffff80a8	u8	Control_BaselineSourceCountdown
ffff80ac	f32	Control_BaselineSourceMappedValue
ffff80b0	f32	Control_BaselineSourceSteppedFactor
ffff80b4	f32	Control_BaselineSourceScale
ffff80b8	u8	Control_BaselineSourceFactorBin
a35e0	label	Control_BaselineSourceScaleDescriptor
a35ec	label	Control_BaselineDecayCountdownDescriptor
a35f8	label	Control_BaselineDecayExtraDescriptor
a3604	label	Control_BaselineDecayDefaultDescriptor
a3610	label	Control_BaselineDecaySpecialDescriptor
a361c	label	Control_BaselineTargetFactorDescriptor
a3628	label	Control_BaselineTargetMTOrExtraDescriptor
a363c	label	Control_BaselineTargetATDescriptor
590a0	function	Control_UpdateBaselineSourceAverage
5904c	function	Control_MapBaselineContribution
59070	function	Control_SelectBaselineExtra
5903c	function	Control_SumBaselineContribution
591a0	function	Control_MapFirstGatedContribution
591d6	function	Control_MapSecondGatedContribution
5920c	function	Control_UpdateContributionBlendWeight
59154	function	Control_SelectLatchGatedContribution
59250	function	Control_UpdateActivationCorrection
ffff80c4	f32	Control_MappedBaselineContribution
ffff80c8	f32	Control_TwoInputBaselineMap
ffff80cc	f32	Control_OptionalBaselineExtra
ffff80d0	f32	Control_RetainedBaselineAverage
ffff80d4	f32	Control_BaselineAverageSum
ffff80d8	u16	Control_BaselineAverageRemaining
ffff80dc	f32	Control_LatchGatedBaselineContribution
ffff80e0	f32	Control_ActivationCorrection
ffff80e4	f32	Control_FirstGatedContributionMap
ffff80e8	f32	Control_SecondGatedContributionMap
ffff80ec	f32	Control_ContributionBlendWeight
ffff80f0	u8	Control_PreviousContributionEnable
a3650	label	Control_BaselineExtraDescriptor
a365c	label	Control_BaselineContributionDescriptor
a3670	label	Control_FirstContributionModeOneDescriptor
a367c	label	Control_FirstContributionOtherModeDescriptor
a3688	label	Control_SecondContributionModeOneDescriptor
a3694	label	Control_SecondContributionOtherModeDescriptor
41a34	function	Control_InitializeMagnitudeInputs
59504	function	Control_SelectFirstMagnitudeAmount
595d0	function	Control_SelectSecondMagnitudeAmount
59626	function	Control_UpdateMagnitudeScales
593c4	function	Control_MapMagnitudeFactor
59402	function	Control_UpdateMagnitudePulse
593de	function	Control_CombineMagnitudeBaseline
ffff72b4	f32	Control_FirstMagnitudeInput
ffff72bc	f32	Control_SecondMagnitudeInput
ffff72c4	u8	Control_MagnitudeInitializationFlag
ffff80f4	f32	Control_MagnitudeBaselineScale
ffff80f8	f32	Control_MagnitudePulseScale
ffff80fc	f32	Control_MagnitudeBaselineContribution
ffff8100	f32	Control_MagnitudeActivationCorrection
ffff8104	u8	Control_MagnitudeRetriggerHoldoff
ffff8108	f32	Control_SecondMagnitudeAmount
ffff810c	f32	Control_FirstMagnitudeAmount
ffff8110	f32	Control_MagnitudeInputFactor
ffff8114	u8	Control_PreviousMagnitudeGate
a36a0	label	Control_MagnitudeFactorDescriptor
verified_annotations	570
