program	LFG1TF000.bin
sha256	8fb064e91dd2590a30189d70874f5607350812e6c8f98f6e4a132085c4a808d6
language	SuperH:BE:32:SH-2A
functions	2390
1b26c	function	HCAN_Transmit
18f10	function	CAN216_Build
191a8	function	CAN218_BuildByte6
191f0	function	CAN218_Build
19414	function	CAN231_Build
19912	function	CAN231_EncodeSixState
198be	function	CAN231_BuildWord2
1c448	function	CAN218_SetWord0
1c476	function	CAN218_SetByte2
1c51c	function	CAN218_SetWord4
1c54c	function	CAN218_SetByte6
1c5ca	function	CAN216_SetWord0
1c624	function	CAN216_SetWord2
1c666	function	CAN216_SetWord5
1c2ba	function	CAN231_SetLowNibble
1c2cc	function	CAN231_SetHighNibble
1c3be	function	CAN231_SetWord2
1c890	function	CAN201_GetWord0
171cc	function	CAN201_ConvertWord0
5ad7c	function	Pack_MsbRelativeBitfield
11864	function	Tick_Increment
11874	function	Tick_Read
ffff941c	u16	CAN218_Field0Source
ffff9118	u16	CAN218_Byte6Source
ffff8080	u8	TransmissionStateClass
ffff8081	u8	CAN231_SixStateSource
ffff84d0	u32	SchedulerTick
5c864	label	HCAN_TxIdTable
5c86e	label	HCAN_TxDlcTable
5c874	label	HCAN_TxBufferTable
5c8c0	label	HCAN_RxIdTable
5c8d8	label	HCAN_RxIndexTable
5c8e4	label	HCAN_RxCopyLengthTable
5c8f0	label	HCAN_RxBufferTable
ffff8ef5	label	CAN218_TxBuffer
ffff8efd	label	CAN216_TxBuffer
ffff8eed	label	CAN231_TxBuffer
ffff8f39	label	CAN201_RxBuffer
18f8c	function	CAN216_BuildStatus
ffff9454	u8	CAN216_CylinderCutRequestSource
1bf38	function	CAN_AdmitApplicationReceipt
1bd10	function	CAN_DispatchApplicationReceipts
19af0	function	CAN_UpdateReceiveDeadlines
19d44	function	CAN_SetRecordDeadline
19d04	function	CAN_RecordDeadlineExpired
19dc0	function	CAN_ReceiveRecordRecovery
19e10	function	CAN_CheckReceiveRecordExpiry
1c018	function	CAN_ConsumeFieldFreshness
5c610	label	CAN_RecordConfiguration
ffff8b38	label	CAN_RecordDeadlines
ffff8ee2	u16	CAN_RecordFaultBitmap
1a598	function	CAN_EvaluateReceiveQualification
1a9b0	function	CAN_UpdateQualificationTimer
5662a	function	Diagnostic_StoreGroupStatus
57f00	function	Diagnostic_StoreMappedStatus
56658	function	Diagnostic_ProcessGroups
56908	function	Diagnostic_ProcessQualifiedGroup
569ea	function	Diagnostic_UpdateActiveGroup
5701a	function	Diagnostic_UpdateActiveAggregate
57374	function	Diagnostic_RecordQualifiedGroup
57964	function	Diagnostic_LatchReportFlag
57f50	function	Diagnostic_UpdateHealthyRecovery
58034	function	Diagnostic_EvaluateHealthyTimers
558cc	function	Diagnostic_SerializeStoredList
5eb78	label	Diagnostic_GroupConfiguration
5f008	label	Diagnostic_HealthyConfiguration
ffffa99b	u8	CAN216_StoredDiagnosticFlag
ffffa666	u8	Diagnostic_ActiveAggregate
5327c	function	Diagnostic_InitializeActiveOutput
5329a	function	Diagnostic_SelectActiveOutput
532d8	function	Diagnostic_GetActiveOutputOverride
54234	function	OBD_Service01
54284	function	OBD_DispatchCurrentDataPIDs
5434c	function	OBD_PID01_MILAndDTCCount
1c242	function	CAN211_MarkReceipt
1acec	function	CAN211_EmptyApplicationCallback
1b630	label	CAN_RX_CopySliceStart
ffff8f34	label	CAN211_ReceivedPayload
142f8	function	Input_ReadDigitalDescriptor
1432c	function	Input_CompareSampledBit
14368	function	Input_CheckADCGates
17230	function	Input_InitializeFilterRecords
17250	function	Input_UpdateFilteredStates
173ce	function	Input_GetFilteredState
174a0	function	Input_PublishApplicationStates
22416	function	Selector_UpdateApplicationFlags
22c9a	function	Selector_CombineInputsZeroAndTwo
555b0	function	Diagnostic_GetCombinedSelectorInputs
555d8	function	Diagnostic_GetSelectorInputsOneAndThree
5f648	label	DigitalInput_FilterDescriptors
ffff88b4	u8	Selector_FilteredInputZero
ffff88b6	u8	Selector_FilteredInputTwo
5853c	function	Selector_InitializeDiagnosticTimers
58548	function	Selector_ProduceDiagnosticGroups
5866e	function	Selector_CountAssertedInputs
58688	function	Selector_CheckInputThreeOnly
566e0	function	Diagnostic_ProcessTimedGroup
570f6	function	Diagnostic_BuildMappedSummary
21c1c	function	Diagnostic_PublishApplicationFlags
11db4	function	Timer_DecrementWordUnlessSentinel
11aec	function	Timer_ServiceFirstRanges
50f26	function	Diagnostic_ScaleTwoApplicationWords
22ddc	function	Motion_ConvertTwoPeriodDerivedValues
16c5c	function	Capture0A_InitializeRisingEdge
16c7c	function	Capture0A_Interrupt
179a8	function	Capture0A_ProcessCapturedCount
20df8	function	Motion_CalculateRawPeriodValue
52b10	function	SpeedCandidate_CalculateForCAN216
51af0	function	SpeedCandidate_InitializeScalingInputs
51b0a	function	SpeedCandidate_SelectScalingInputs
17070	function	CAN201_ConvertByte6
18158	function	CAN201_CopyWord0AndValidity
1c264	function	CAN201_MarkReceiptAndDispatch
1acd8	function	CAN201_ApplicationCallback
ffffa5ac	u16	CAN216_SpeedCandidate
ffff8ae7	u8	CAN216_SpeedLimiterInitialized
ffff8ae8	u16	CAN216_PreviousSpeedCandidate
ffffa552	u16	SpeedCandidate_ScalingInput
ffff91a2	u16	Motion_PeriodDerivedValue
ffff92c6	u8	ApplicationFaultFlags92C6
ffff8808	u16	CAN201_Byte6Scaled
ffff880a	u8	CAN201_Byte6Validity
58aa8	function	SpeedFault_ProduceGroup13
58808	function	SpeedFault_CheckSingletonInput
5885e	function	SpeedFault_CheckDiagnosticPrerequisites
58c42	function	SpeedFault_CheckRecovery
17a58	function	Capture0B_ProcessCapturedCount
ffff8900	u16	SpeedFault_OtherCaptureCount
ffff88f2	u16	SpeedFault_Capture0ACount
ffffa962	u8	SpeedFault_Group13Summary
ffffac89	u8	SpeedFault_RecoveryLatch
2055c	function	CAN201_UpdateWord0ApplicationValue
50c9a	function	CAN201_PublishWord0ValueAndStatus
24fa0	function	CAN216_UpdateCylinderCutRequest
2513e	function	CAN216_AdmitCylinderCutRequest
10764	function	Lookup_ByteCurveToFixedPoint
ffff8814	u16	CAN201_Word0Quarter
ffff80e8	u16	CAN201_Word0ApplicationValue
ffff809e	u16	CAN201_Word0Rescaled
ffffa4e4	u8	CAN201_Word0ApplicationStatus
ffff92c9	u8	ApplicationFaultFlags92C9
ffff9455	u8	CAN216_CutInputHistory
10922	function	Lookup_InterpolateByteCurve
22ecc	function	CutLookup_UpdateAxis
ffff9334	u16	CutLookup_Axis
ffff89a8	u16	CutLookup_SourceValue
57258	function	Diagnostic_BuildCombinedSummaries
ffffa98e	u8	Diagnostic_CAN201CutAggregate
5fcc8	label	Diagnostic_CAN201CutSummaryIndices
1a164	function	HCAN_ProcessRecoveryState
1a4e4	function	HCAN_ProduceDiagnosticGroup35
1a082	function	CAN_GateReceiveDiagnosticsDuringRecovery
1ac7a	function	HCAN_LatchBusOffRecovery
1b3e8	function	HCAN_ErrorHandler
19a14	function	HCAN_ReadHaltRequest
19a30	function	HCAN_ReadConfigurationStatus
19a62	function	HCAN_ReadBusOffStatus
19a80	function	HCAN_ReadErrorWarningStatus
199ac	function	HCAN_SetResetRequest
199e0	function	HCAN_SetHaltRequest
ffff8bd9	u8	HCAN_RecoveryState
ffff8bce	u8	HCAN_RecoveryRetryCount
ffff8bcf	u8	HCAN_BusOffEventLatch
ffff8bcd	u8	HCAN_RecoveryActive
ffff8bd4	u32	HCAN_RecoveryDeadline
583dc	function	CAN_ProduceValidityDiagnosticGroups
58504	function	CAN_CombineTwoValidityInputs
5f198	label	CAN_ValidityDiagnosticTable
ffffa770	u8	CAN201_InvalidWordRawDiagnostic
ffffa726	u8	CAN201_InvalidWordActiveDiagnostic
ffffa868	u32	CAN201_InvalidWordDeadline
ffffa918	u16	CAN201_InvalidWordQualificationCount
ffffa97c	u8	CAN201_InvalidWordMappedSummary
21628	function	CAN201_SelectByte6ApplicationValue
21500	function	CAN201_UpdateByte6History
50a5c	function	CAN201_PublishByte6ValueAndStatus
110b4	function	Timer_IncrementApplicationRanges
46cc8	function	Selection_ApplyChangeDependentFloor
ffff8098	u16	CAN201_Byte6ApplicationValue
ffff92b8	u16	CAN201_Byte6HistoryChange
ffff92ba	u16	CAN201_Byte6PreviousValue
ffff92c2	u8	CAN201_Byte6JumpLatch
ffff8197	u8	CAN201_Byte6JumpTimer
ffffa4d4	u16	CAN201_Byte6PublishedValue
ffffa4d6	u8	CAN201_Byte6PublishedStatus
ffffa772	u8	CAN201_InvalidByte6RawDiagnostic
ffffa728	u8	CAN201_InvalidByte6ActiveDiagnostic
ffffa98d	u8	Diagnostic_CAN201Byte6Aggregate
ffff92d5	u8	ApplicationFaultFlags92D5
21a16	function	Input_RefreshDefaultSelectionFields
21734	function	Input_RefreshDefaultGroups
452dc	function	Selection_RunThreeStagePipeline
4662c	function	Selection_ApplySevenRules
44cfe	function	Selection_UpdateApplicationIndex
5dea0	label	Selection_PipelineTable
7744c	u16	Selection_PipelineStageCount
ffff8084	u8	Selection_ApplicationIndex
ffff9b3c	u8	Selection_PreviousIndex
244fa	function	StateCache_WriteByte
24532	function	StateCache_ReadByte
48bc0	function	Selection_InitializeAcceptedState
48c08	function	Selection_UpdateAcceptedState
488f4	function	Selection_AdmitDelayedCandidate
489ee	function	Selection_SelectCandidateDelay
48a62	function	Selection_UpdateDelayRowLatch
48174	function	Selection_CheckTransitionAcceptance
47b72	function	Selection_SelectOneStepCandidate
48f20	function	Transition_BuildWorkRecords
5e1e8	label	Selection_OneStepTable
ffff8085	u8	Selection_NextIndex
ffff606e	u8	Selection_RequestedIndexCache
ffff606f	u8	Selection_AcceptedIndexCache
ffff9c85	u8	Selection_AdmittedCandidate
ffff9c86	u8	Selection_NextCandidate
ffff9c87	u8	Selection_TransitionCode
ffff9c8a	u8	Selection_PendingFlags
ffff815f	u8	Selection_CandidateDelayTimer
ffff9c74	u8	Selection_DelayedCandidateResult
ffff9545	u8	Transition_ControlFlags
2c7b0	function	Transition_UpdateLocalMode
2d1bc	function	Transition_UpdateAcceptanceBlock
2f008	function	Transition_InitializeState9594
2f010	function	Transition_AdmitState9594
2f0b0	function	Transition_ResetState9594
2f0bc	function	Transition_ReadState9594
2f0c2	function	Transition_CheckState9594Admission
2f214	function	Transition_InitializeState959C
2f222	function	Transition_AdmitState959C
2f4a8	function	Transition_ResetState959C
2f4bc	function	Transition_ReadState959C
2f4f4	function	Transition_CheckState959CAdmission
2db4c	function	Transition_ReadState9564
2d6d6	function	Transition_ReadState9558
ffff954c	u8	Transition_PreviousApplicationClass
ffff954d	u8	Transition_PreviousLocalMode
ffff9594	u8	Transition_State9594
ffff959c	u8	Transition_State959C
ffff9564	u8	Transition_SourceState9564
ffff9558	u8	Transition_SourceState9558
1fb18	function	SparkRequest_InitializeRecords
1fb4a	function	SparkRequest_SetRecord
1fb6e	function	SparkRequest_ResetRecord
1fb8c	function	SparkRequest_SelectCAN216Source
3065a	function	Request_SelectLastByte
30686	function	Request_SelectLastWord
2c234	function	SparkRequest_UpdateRecordOne
2c30c	function	SparkRequest_CheckRecordOneAdmission
2c43a	function	SparkRequest_CalculateRecordOneValue
2c400	function	SparkRequest_CheckRecordOneContinuation
216d8	function	SparkRequest_ConvertBaseInputs
ffff915a	u16	CAN216_NumericRequestSource
ffff915c	label	SparkRequest_ValueRecords
ffff9166	label	SparkRequest_ModeRecords
ffff9158	u8	SparkRequest_SelectedModeFlags
ffff80be	u16	SparkRequest_NegatedSelectedReduction
ffff92e4	u16	SparkRequest_BaseValue
ffff80b4	u16	SparkRequest_BaseInput
ffff953f	u8	SparkRequest_RecordOnePhase
5cd0c	label	SparkRequest_RecordEnableTable
1acf0	function	CAN215_ConvertFields
177dc	function	CAN215_ConvertOffset
17854	function	CAN215_ConvertDifference
516d8	function	CAN215_InitializeBaseInput
516e6	function	CAN215_SelectBaseInput
1c812	function	CAN215_ReadWord0
1c866	function	CAN215_ReadWord4
ffff88e4	u16	CAN215_ConvertedOffset
ffff88e6	u8	CAN215_OffsetValidity
ffff88e8	u16	CAN215_ConvertedDifference
ffff88ea	u8	CAN215_DifferenceValidity
ffffa538	u8	CAN215_BaseSelectionStatus
ffffa98c	u8	CAN215_BaseDiagnosticSummary
5fcc0	label	CAN215_BaseDiagnosticGroupList
178ec	function	CAN215_InitializeSecondDifference
178fc	function	CAN215_ConvertSecondDifference
1c83c	function	CAN215_ReadWord2
517a4	function	CAN215_InitializeSecondApplicationValue
517b2	function	CAN215_SelectSecondApplicationValue
ffff88ec	u16	CAN215_ConvertedSecondDifference
ffff88ee	u8	CAN215_SecondDifferenceValidity
ffff80b2	u16	CAN215_SecondApplicationValue
ffffa53c	u8	CAN215_SecondSelectionStatus
ffffac7a	u8	CAN215_CombinedValidity
ffffa771	u8	CAN215_InvalidRawDiagnostic
ffffa727	u8	CAN215_InvalidActiveDiagnostic
ffffa86c	label	CAN215_InvalidQualificationDeadline
ffffa91a	u16	CAN215_InvalidQualificationCount
ffffa97d	u8	CAN215_InvalidMappedSummary
15d04	function	Startup_CopyInitializedData
30454	function	RequestList_Initialize
304c6	function	RequestList_Allocate
30518	function	RequestList_SetValue
30524	function	RequestList_Release
3054e	function	RequestList_SelectCandidate
305d0	function	RequestList_Unlink
305f0	function	RequestList_InsertBeforeHead
4c69a	function	SparkRequest_InitializeFirstList
4c6c2	function	SparkRequest_AllocateFirstList
4c6da	function	SparkRequest_SetFirstListEntry
4c734	function	SparkRequest_ReleaseFirstListEntry
4c75e	function	SparkRequest_SelectFirstList
4c7ac	function	SparkRequest_UpdateRecordTwo
4ca64	function	SparkRequest_InitializeSecondList
4ca90	function	SparkRequest_AllocateSecondList
4caa8	function	SparkRequest_SetSecondListEntry
4cace	function	SparkRequest_ReleaseSecondListEntry
4caf8	function	SparkRequest_SelectSecondList
4d98a	function	SparkRequest_UpdateSecondListCalibration
ffffb028	label	SparkRequest_FirstListDescriptor
ffffb02c	label	SparkRequest_SecondListDescriptor
ffff80e4	label	SparkRequest_RecordTwoSelectedValue
4cba8	function	SparkRequest_ConstructFirstListRecord
2fba4	function	CallbackQueue_FindEventIndex
4cef2	function	SparkRequest_BeginFirstListRamp
4cf08	function	SparkRequest_FirstListRampFinished
4cf6a	function	SparkRequest_ClearFirstListRecord
4d010	function	SparkRequest_UpdateFirstListFromMaps
4d142	function	SparkRequest_UpdateFirstListRamp
4d274	function	SparkRequest_ClampSignedNonnegative
4d4cc	function	SparkRequest_SelectFirstListRampDuration
4d554	function	SparkRequest_CalculateFirstListMapComponents
1078a	function	Lookup_ByteGrid2D_Q8
5e418	label	SparkRequest_FirstListCallbackTable
763fc	label	SparkRequest_FirstListDurationTables
7656c	label	SparkRequest_FirstListMapTables
766fc	label	SparkRequest_FirstListOffsetCurves
4bef8	function	Heap_InitializeRequestStorage
4bf12	function	Heap_AllocateRequestStorage
4bfda	function	Heap_ReleaseRequestStorage
4c0f8	function	EventMessage_InitializeBufferIndex
4c100	function	EventMessage_NextBuffer
4c288	function	EventQueue_Initialize
4c2a0	function	EventQueue_Enqueue
4c316	function	EventQueue_Drain
4c3c0	function	SparkRequest_DispatchManager
4c3ca	function	SparkRequest_CreateManagedRecord
2f5fc	function	RequestManager_Dispatch
2fbee	function	RequestManager_AllocateAndQueue
2faa2	function	RequestManager_AppendRing
4cb9c	function	SparkRequest_DispatchFirstListState
2fef8	function	CallbackState_Dispatch
4cc90	function	SparkRequest_GlobalReleaseGuard
4cca4	function	SparkRequest_ReleaseFromGlobalGuard
4cc2a	function	SparkRequest_ReleaseFromCancel
4cd18	function	SparkRequest_ActivationPredicate
4cdf2	function	SparkRequest_EnterMapState
4ce5e	function	SparkRequest_MapStateAdvancePredicate
4ce7a	function	SparkRequest_EnterHoldOrRamp
4cec6	function	SparkRequest_HoldFinished
4cf3a	function	SparkRequest_ReleaseAfterRamp
4d2d0	function	SparkRequest_ActivationDerivativeFactor
4d350	function	SparkRequest_SelectAdvanceMargin
4d3d8	function	SparkRequest_SelectHoldDuration
4d6f0	function	SparkRequest_ActivationOffsets
4d7a2	function	SparkRequest_CompareAdvanceMargin
4d7cc	function	SparkRequest_CheckHoldTime
4d7ec	function	SparkRequest_CaptureSpecialFlag
3138a	function	SparkRequest_ProduceParameterIndex
316a8	function	ApplicationCode_SelectThresholdFamily
3159a	function	ApplicationPhase_ReadForCode
3206e	function	ApplicationPhase_FindCode
5e3f8	label	SparkRequest_ManagerDescriptor
ffffb038	label	SparkRequest_FirstListStateDescriptor
70a20	label	SparkRequest_ParameterIndexThresholds
76474	label	SparkRequest_ActivationOffsetCurves
76524	label	SparkRequest_ActivationFactorCurves
11004	function	Timer_ClearWheelPhases
11014	function	Timer_ServicePrimaryWheel
11048	function	Timer_IncrementFastBytes
1106a	function	Timer_IncrementQuarterRanges
11128	function	Timer_IncrementSixteenthBytes
1114a	function	Timer_ServiceSecondaryWheel
11172	function	Timer_IncrementSecondaryFastBytes
11194	function	Timer_IncrementSecondaryQuarterRanges
111ca	function	Timer_SecondaryNoOperation
111ce	function	Timer_IncrementSecondarySlowRanges
1123c	function	Timer_ServiceTertiaryDivider
1125c	function	Timer_IncrementTertiaryWord
1127e	function	Timer_IncrementByteUntilFF
11292	function	Timer_IncrementWordUntilFFFF
112a6	function	Timer_IncrementWordUntil7FFF
12386	function	Timer_PromoteAndServiceMode
12880	function	Timer_InitializeWheel
12886	function	Timer_ServiceWhenMode3
1e5ec	function	Timer_IncrementPhaseCounter
31524	function	Phase_DispatchEvent
31e20	function	Request_ServicePeriodicGroups
16ce4	function	Timer_StartCMT1Lead
16cf4	function	Timer_CMT1InterruptLead
12726	function	Task_DispatchApplicationPhase
1e5f6	function	Task_ApplicationPeriodicBody
5c0f0	label	Timer_PrimaryWheelTable
5c130	label	Timer_SecondaryWheelTable
76cbc	label	Timer_RangeBoundaryPointers
5d3bc	label	Request_PeriodicGroupRecords
5d3e4	label	Phase_EventStateTable
5d420	label	Request_PeriodClassTable
ffff8494	u32	Timer_PrimaryPhase
ffff8498	u32	Timer_SecondaryPhase
ffff849c	u32	Timer_TertiaryPhase
ffff90c8	u16	Timer_PhaseCounter
ffff96c6	u8	Request_ServicePhase
ffff8115	label	Request_RampTimerSlots
ffff81f2	label	Request_HoldTimerSlots
1220a	function	Task_AdmitApplicationMode
16a3c	function	Task_StartApplicationTimerLead
16a58	function	Task_ApplicationTimerInterruptLead
126ec	function	Task_ServiceApplicationMode
319a6	function	Phase_InitializeDispatcher
319bc	function	Phase_CreateAndNotifyGroups
31ec4	function	Phase_AppendRecord
31f64	function	Phase_NotifyRequestGroups
31a78	function	Phase_ServiceRecords
312e8	function	Request_CaptureSourceAxes
314c4	function	Request_DoubleCapturedAxis
23bf0	function	Request_UpdateEnableFlagsEntry
23bf6	function	Request_UpdateEnableHysteresis
1fd24	function	Request_AggregateSourceConditions
321ae	function	Phase_EvaluateTransitions
5d3f4	label	Phase_CreationCallbacks
700c8	label	Request_EnableCurves
70116	label	Request_EnableUpperGaps
76e20	label	Request_EnableFallbackCalibration
ffff9410	u8	Request_EnableFlags
ffff916f	u8	Request_CancellationFlags
ffff80c2	u16	Request_CapturedSourceAxisRaw
ffff80c4	u16	Request_CapturedSourceAxisScaled
ffff80c6	u16	Request_CapturedMeasurementRaw
ffff80c8	u16	Request_CapturedMeasurementScaled
31682	function	Phase_ClassifyDirection
317e4	function	Phase_CheckInitialTimer
3241c	function	Phase_CheckDeparture
324ce	function	Phase_CheckTargetQualification
325da	function	Phase_CheckCompletionTimer
325f2	function	Phase_NoFurtherTransition
327b0	function	Phase_QualifyDescendingTarget
48d6a	function	Selection_ReadOperation
5d464	label	Phase_PredicateCallbacks
5d474	label	Phase_CodeStateColumns
70a8a	label	Phase_DescendingInitialDelays
70aee	label	Phase_DepartureThresholds
70b14	label	Phase_DescendingQualificationCounts
70b22	label	Phase_Operation5QualificationCounts
ffff8380	label	Phase_InitialTimers
ffff83a0	label	Phase_DepartureTimers
ffff83c0	label	Phase_CompletionTimers
ffff96ef	label	Phase_DescendingQualificationCounters
ffff9700	u32	Phase_TargetUpperExclusive
ffff9704	u32	Phase_TargetLowerInclusive
770c0	u16	Phase_CompletionTimerThreshold
770c2	u16	Phase_Code11BypassThreshold
31c18	function	Phase_AcknowledgeAndRetire
30b82	function	Phase_RetireCapturedSource
30a9e	function	Phase_RetireDifferenceCapture
31168	function	Phase_RetireAuxiliaryCapture
4dc98	function	SparkRequest_DispatchAscendingGroup
5d414	label	Phase_RetirementCallbacks
ffff95d4	label	Phase_RecordRing
ffff96c4	u8	Phase_RingHead
ffff96c5	u8	Phase_RingCount
ffff8088	u8	Phase_DispatchState
ffff80d8	u16	Request_Code9HoldSource
2117c	function	Phase_ProduceSevenReferences
5b5c6	function	FixedPoint_ShiftSignedBy12
30b20	function	ErrorCapture_Initialize
30b28	function	ErrorCapture_ArmForTransition
30b9e	function	ErrorCapture_UpdateTwoSampleMean
30c20	function	ErrorCapture_ClippedDifference
70000	label	Phase_ReferenceScalesQ12
ffff9218	label	Phase_ProducedReferenceWords
ffff95c0	u16	ErrorCapture_PreviousRaw
ffff95c2	u8	ErrorCapture_State
ffff95c4	u16	ErrorCapture_TransitionCode
ffff95c6	u8	ErrorCapture_ReferenceIndex
ffff80ec	u16	Phase_ReferenceSourceSample
ffff80ee	u16	Phase_MeasuredSourceSample
10c4c	function	Arithmetic_SaturatingMultiplyShift
10da4	function	Arithmetic_GuardedSignedDivision
211c4	function	Measurement_InitializeCaptureHistory
211dc	function	Measurement_IngestCapture
2124c	function	Measurement_UpdateAndSubstitute
212f4	function	Measurement_CalculateFromHistory
2140c	function	Measurement_UpdateDerivative
21482	function	Measurement_ResetHistory
214b6	function	Measurement_ReadResetPeriod
ffff810c	u8	Measurement_CurrentCaptureAge
ffff9244	u8	Measurement_PreviousCaptureAge
ffff800d	u8	Measurement_HistoryHead
ffff800c	u8	Measurement_CaptureCount
ffff9248	label	Measurement_CaptureHistory
ffff9238	u32	Measurement_NormalizedPeriod
ffff8908	u32	Measurement_CaptureDeltaDiv10
ffff890c	u32	Measurement_PreviousTimestamp
ffff9234	u16	Measurement_SelectedInternalSample
ffff9236	u16	Measurement_UnsubstitutedCopy
ffff80f0	u16	Measurement_DerivativeForRequest
20658	function	Reference_InitializeCaptureHistory
20678	function	Reference_IngestCaptureAndFilter
207de	function	Reference_SumCaptureHistory
2086c	function	Reference_UpdateSourceAndDerivedValues
209b4	function	Reference_SelectMeasuredOrHistorySource
20cbc	function	Reference_UpdateHoldAndFaultGates
20db4	function	Reference_ResetCaptureHistory
20de8	function	Reference_ReadResetPeriod
20fac	function	Reference_UpdateDiscrepancyLatch
ffff9194	u8	Reference_SourceStatus
ffff91a6	u8	Reference_AcquisitionFlags
ffff91b4	u8	Reference_CaptureHistoryHead
ffff91cc	label	Reference_CaptureHistory
ffff9198	u32	Reference_FullNormalizedPeriod
ffff91c6	u8	Reference_DiscrepancyRecoveryCount
ffff91a8	u16	Reference_CachedMeasuredFallback
ffff91c7	u8	Reference_CachedMeasuredIndex
20eaa	function	Reference_SelectAlternateCachedValue
2094e	function	Reference_IncrementElapsedCaptureCounter
1e506	function	Reference_ServiceElapsedCaptureCounter
128b6	function	Scheduler_ServiceCaptureElapsedWhenMode3
ffff91c4	u16	Reference_DiscrepancyCachedMeasurement
ffff91c9	u8	Reference_DiscrepancyCachedIndex
ffff91b6	u16	Reference_AlternateCachedMeasurement
ffff91c8	u8	Reference_AlternateCachedIndex
ffff91ac	u16	Reference_ElapsedCaptureCounter
ffff8158	u8	Reference_HoldTimer
ffff8196	u8	Reference_IdleSettlingTimer
ffff91a4	u16	Reference_AlternatePublishedValue
4dca4	function	AscendingRequest_Construct
4e036	function	AscendingRequest_PublishMapCandidate
4e3a8	function	AscendingRequest_CalculateMapCandidate
5e4cc	label	AscendingRequest_CallbackTables
76738	label	AscendingRequest_ScaleThresholds
76805	label	AscendingRequest_Maps
76913	label	AscendingRequest_ScaleCurves
ffff80f8	u16	AscendingRequest_LiveMapAxis
ffff80d2	u16	AscendingRequest_CapturedThresholdSource
ffff80d4	u16	AscendingRequest_CapturedMapSource
ffff8276	u8	AscendingRequest_ScaleTimer
4e0ee	function	AscendingRequest_PublishReleaseCandidate
4e2d6	function	AscendingRequest_TargetError
4e450	function	AscendingRequest_ReleaseBounds
4e4de	function	AscendingRequest_ReleaseShape
10d0c	function	FixedPoint_DivideToSignedWord
208f0	function	Measurement_ClampAndScaleCurveAxis
76742	label	AscendingRequest_ReleaseMinimums
767d8	label	AscendingRequest_ReleaseDerivativeCurves
768ff	label	AscendingRequest_ReleaseBreakpoints
76909	label	AscendingRequest_ReleaseSlopes
773f0	label	AscendingRequest_ReleaseShapeSelectors
4e314	function	AscendingRequest_AdmissionBounds
4df3c	function	AscendingRequest_CheckReleaseAdmission
4dda0	function	AscendingRequest_CheckReactivation
4de6c	function	AscendingRequest_ReenterMapState
4dfe8	function	AscendingRequest_EnterReleaseState
7677e	label	AscendingRequest_AdmissionOffsetCurves
767ab	label	AscendingRequest_AdmissionDerivativeCurves
32614	function	Phase_QualifyAscendingTarget
ffff96cf	label	Phase_AscendingBandCounters
ffff96df	label	Phase_AscendingBelowUpperCounters
ffff971a	u8	Phase_QualificationFlags
ffff8086	u8	Phase_AscendingQualificationMode
70a6c	label	Phase_AscendingInitialDelays
70b06	label	Phase_AscendingBandQualificationCounts
70b10	label	Phase_AscendingBelowUpperCounts
770be	u8	Phase_AscendingOperationCount
4905c	function	PhaseMode_UpdateSourceLatch
49110	function	PhaseMode_ClassifyTransition
49162	function	PhaseMode_UpdateHysteresis
491c4	function	PhaseMode_UpdateInhibit
49212	function	PhaseMode_CombineRequest
4925c	function	PhaseMode_AllowSourceLatch
49260	function	PhaseMode_ProduceQualificationMode
492de	function	PhaseMode_UpdateRequest
48d70	function	PhaseMode_UpdateLocalFlags
ffff9c82	u8	PhaseMode_SourceLatch
ffff9c83	u8	PhaseMode_QualifiedRequest
ffff9c84	u8	PhaseMode_RequestFlags
773bc	u16	PhaseMode_SourceHighThreshold
773be	u16	PhaseMode_SourceLowThreshold
773c0	u16	PhaseMode_HysteresisSetThreshold
773c2	u16	PhaseMode_HysteresisClearThreshold
773c4	u16	PhaseMode_InhibitThreshold
17d54	function	SourceInput_InitializePublication
17d60	function	SourceInput_PublishFilteredChannel25
22cfe	function	SourceInput_GetChannel25
495a4	function	SourcePolicy_InitializeState
495c0	function	SourcePolicy_AdjustProposal
496f0	function	SourcePolicy_ApplyThresholdRules
498d2	function	SourcePolicy_CheckAdmission
498f6	function	SourcePolicy_LookupIncrementThreshold
49960	function	SourcePolicy_LookupDecrementThreshold
499a4	function	SourcePolicy_LookupLatchThreshold
499e2	function	SourcePolicy_LookupLowerFallback
49a20	function	SourcePolicy_LookupUpperFallback
49a8c	function	SourcePolicy_LookupEdgeFallback
49aca	function	SourcePolicy_SelectCurveBank
108e6	function	Lookup_InterpolateWordCurve
ffff89a4	u8	SourceInput_Channel25
ffff89a5	u8	SourceInput_PublicationStatus
ffff9316	u8	Selector_ApplicationFlags16
ffff9b40	u8	Selection_SourceCode
ffff9c90	u8	SourcePolicy_RejectedDecrement
ffff9c91	u8	SourcePolicy_AdjustmentState
ffff9c92	u8	SourcePolicy_ThresholdLatch
ffff9c93	u8	SourcePolicy_EdgeHistory
ffff9c94	u8	SourcePolicy_PreviousEnable
ffff9c96	u16	SourcePolicy_DoubledAxis
7533c	label	SourcePolicy_Increment17Curves
7542c	label	SourcePolicy_IncrementOtherCurves
7551c	label	SourcePolicy_DecrementFlagCurves
7560c	label	SourcePolicy_DecrementOtherCurves
756fc	label	SourcePolicy_Latch17Curves
757ec	label	SourcePolicy_LatchOtherCurves
758dc	label	SourcePolicy_Lower17Curves
759cc	label	SourcePolicy_LowerOtherCurves
75abc	label	SourcePolicy_Upper17Curves
75bac	label	SourcePolicy_UpperOtherCurves
75c9c	label	SourcePolicy_Edge17Curves
75d8c	label	SourcePolicy_EdgeOtherCurves
7532c	label	SourcePolicy_EntryAxisBounds
75336	label	SourcePolicy_LatchTimerBounds
7736c	u8	SourcePolicy_EnableEdgeFallback
7736d	u8	SourcePolicy_EnableUpperFallback
7736e	u16	SourcePolicy_LowFallbackThreshold
4508a	function	Selection_ScanProposalThresholds
31720	function	Phase_HasPendingWork
4740c	function	Transition_SelectOperation
4744c	function	Transition_ClassifyProposal
474c4	function	Transition_UpdateQualificationFlags
475dc	function	Transition_AdjustReferenceHistory
47670	function	Transition_LookupQualifiedCode
476a4	function	Transition_SelectQualifiedRow
47762	function	Transition_SelectOperationForCode1
ffff9c50	u8	Transition_ReferenceHistory
ffff9c52	u16	Transition_QualificationLimit
ffff9c54	u8	Transition_QualificationFlags
ffff9b1e	label	Selection_ProposalThresholds
ffff9b14	label	Selection_ThresholdOperations
5e1ac	label	Transition_QualifiedCodeTable
75144	label	Transition_QualificationMap0
75155	label	Transition_QualificationMap2
75166	label	Transition_QualificationCurve1
7734a	u16	Transition_MinimumQualificationLimit
32140	function	TransitionProgress_InitializeFromAccepted
32348	function	TransitionProgress_Update
328fc	function	TransitionProgress_SelectRates
32a54	function	TransitionProgress_PositiveRateA
32a86	function	TransitionProgress_NegativeRateA
32aa6	function	TransitionProgress_PositiveRateB
32afc	function	TransitionProgress_AlternateNegativeRateB
32b1c	function	TransitionProgress_NegativeRateB
32b3c	function	TransitionProgress_PositiveRateC
32b6e	function	TransitionProgress_MixedNegativeRateC
32bda	function	TransitionProgress_AlternatePositiveRateC
32c0c	function	TransitionProgress_NegativeRateC
32c2c	function	TransitionProgress_AccumulateAndClamp
ffff96c8	u16	TransitionProgress_AccumulatorA
ffff96ca	u16	TransitionProgress_AccumulatorB
ffff96cc	u16	TransitionProgress_AccumulatorC
ffff970c	u32	TransitionProgress_RateA
ffff9710	u32	TransitionProgress_RateB
ffff9714	u32	TransitionProgress_RateC
ffff9718	u16	TransitionProgress_RateScale
ffff9708	u16	TransitionProgress_MixedAxis
70b24	label	TransitionProgress_PositiveCCurve
70b2d	label	TransitionProgress_NegativeCCurve
70b34	label	TransitionProgress_AlternateCCurve
70b39	label	TransitionProgress_RateScaleCurve
70b40	label	TransitionProgress_PositiveACurve
70b49	label	TransitionProgress_PositiveBCurve
770c4	u16	TransitionProgress_ReducedCap
770c6	u16	TransitionProgress_NegativeCConstant
770c8	u8	TransitionProgress_MixedWeightFE
770c9	u8	TransitionProgress_MixedWeightFA
770ca	u16	TransitionProgress_MixedOffset
770cc	u16	TransitionProgress_NegativeAConstant
770ce	u16	TransitionProgress_NegativeBConstant
770d0	u16	TransitionProgress_AlternateNegativeBConstant
4c880	function	SparkRequest_SelectManagedGroup
verified_annotations	677
